{"cameraMode":{"drawMode":0,"name":"Shaded","section":"Shading Mode"},"sceneLighting":true,"audioPlay":false,"sceneViewState":{"m_AlwaysRefresh":false,"showFog":true,"showSkybox":true,"showFlares":true,"showImageEffects":true,"showParticleSystems":true,"showVisualEffectGraphs":true,"m_FxEnabled":true},"in2DMode":false,"pivot":{"x":514.3946533203125,"y":584.7000732421875,"z":7.444856643676758},"rotation":{"x":-0.05694619193673134,"y":0.02844970114529133,"z":0.001623702235519886,"w":0.9979733228683472},"size":344.22576904296877,"orthographic":true}