{"cameraMode":{"drawMode":0,"name":"Shaded","section":"Shading Mode"},"sceneLighting":true,"audioPlay":false,"sceneViewState":{"m_AlwaysRefresh":false,"showFog":true,"showSkybox":true,"showFlares":true,"showImageEffects":true,"showParticleSystems":true,"showVisualEffectGraphs":true,"m_FxEnabled":true},"in2DMode":false,"pivot":{"x":597.8623046875,"y":301.27398681640627,"z":-111.65110778808594},"rotation":{"x":0.09615083038806915,"y":-0.014934558421373368,"z":0.0014410041039809585,"w":0.9952601790428162},"size":1.866667628288269,"orthographic":false}