{"cameraMode":{"drawMode":0,"name":"Shaded","section":"Shading Mode"},"sceneLighting":true,"audioPlay":false,"sceneViewState":{"m_AlwaysRefresh":false,"showFog":true,"showSkybox":true,"showFlares":true,"showImageEffects":true,"showParticleSystems":true,"showVisualEffectGraphs":true,"m_FxEnabled":true},"in2DMode":false,"pivot":{"x":349.19476318359377,"y":516.2106323242188,"z":244.6633758544922},"rotation":{"x":0.0029998780228197576,"y":-0.006000186316668987,"z":0.000018548627849668264,"w":0.9999805092811585},"size":671.2654418945313,"orthographic":false}