{"cameraMode":{"drawMode":0,"name":"Shaded","section":"Shading Mode"},"sceneLighting":true,"audioPlay":false,"sceneViewState":{"m_AlwaysRefresh":false,"showFog":true,"showSkybox":true,"showFlares":true,"showImageEffects":true,"showParticleSystems":true,"showVisualEffectGraphs":true,"m_FxEnabled":true},"in2DMode":false,"pivot":{"x":794.1397705078125,"y":293.0946044921875,"z":10.254304885864258},"rotation":{"x":-0.05694619193673134,"y":0.02844970114529133,"z":0.001623702235519886,"w":0.9979733228683472},"size":439.19842529296877,"orthographic":true}